ID,Kanji JLPT,Level JLPT,Kanji Kanken,Level Kanken
1,一,N5,一,Cấp 10
2,二,N5,二,Cấp 10
3,三,N5,三,Cấp 10
4,四,N5,四,Cấp 10
5,五,N5,五,Cấp 10
6,六,N5,六,Cấp 10
7,七,N5,七,Cấp 10
8,八,N5,八,Cấp 10
9,九,N5,九,Cấp 10
10,十,N5,十,Cấp 10
11,百,N5,百,Cấp 10
12,千,N5,千,Cấp 10
13,万,N5,万,Cấp 9
14,円,N5,円,Cấp 10
15,月,N5,月,Cấp 10
16,火,N5,火,Cấp 10
17,水,N5,水,Cấp 10
18,木,N5,木,Cấp 10
19,金,N5,金,Cấp 10
20,土,N5,土,Cấp 10
21,日,N5,日,Cấp 10
22,年,N5,年,Cấp 10
23,人,N5,人,Cấp 10
24,口,N5,口,Cấp 10
25,目,N5,目,Cấp 10
26,耳,N5,耳,Cấp 10
27,手,N5,手,Cấp 10
28,足,N5,足,Cấp 10
29,力,N5,力,Cấp 10
30,王,N5,王,Cấp 10
31,山,N5,山,Cấp 10
32,川,N5,川,Cấp 10
33,田,N5,田,Cấp 10
34,石,N5,石,Cấp 10
35,花,N5,花,Cấp 10
36,竹,N5,竹,Cấp 10
37,雨,N5,雨,Cấp 10
38,虫,N5,虫,Cấp 10
39,上,N5,上,Cấp 10
40,下,N5,下,Cấp 10
41,左,N5,左,Cấp 10
42,右,N5,右,Cấp 10
43,外,N5,外,Cấp 9
44,内,N5,内,Cấp 9
45,中,N5,中,Cấp 10
46,学,N5,学,Cấp 10
47,校,N5,校,Cấp 10
48,先,N5,先,Cấp 10
49,生,N5,生,Cấp 10
50,名,N5,名,Cấp 10
51,字,N5,字,Cấp 10
52,本,N5,本,Cấp 10
53,休,N5,休,Cấp 10
54,大,N5,大,Cấp 10
55,小,N5,小,Cấp 10
56,高,N5,高,Cấp 9
57,友,N5,友,Cấp 9
58,入,N5,入,Cấp 10
59,出,N5,出,Cấp 10
60,門,N5,門,Cấp 9
61,体,N5,体,Cấp 9
62,父,N5,父,Cấp 9
63,母,N5,母,Cấp 9
64,子,N5,子,Cấp 10
65,男,N5,男,Cấp 10
66,女,N5,女,Cấp 10
67,犬,N5,犬,Cấp 10
68,立,N5,立,Cấp 10
69,見,N5,見,Cấp 10
70,聞,N5,聞,Cấp 9
71,行,N5,行,Cấp 9
72,来,N5,来,Cấp 9
73,帰,N5,帰,Cấp 9
74,米,N5,米,Cấp 9
75,茶,N5,茶,Cấp 9
76,牛,N5,牛,Cấp 9
77,肉,N5,肉,Cấp 9
78,魚,N5,魚,Cấp 9
79,貝,N5,貝,Cấp 10
80,好,N5,好,Cấp 7
81,物,N5,物,Cấp 8
82,時,N5,時,Cấp 9
83,間,N5,間,Cấp 9
84,半,N5,半,Cấp 9
85,分,N5,分,Cấp 9
86,今,N5,今,Cấp 9
87,何,N5,何,Cấp 9
88,夕,N5,夕,Cấp 10
89,方,N5,方,Cấp 9
90,林,N5,林,Cấp 10
91,森,N5,森,Cấp 10
92,畑,N5,畑,Cấp 8
93,岩,N5,岩,Cấp 9
94,音,N5,音,Cấp 10
95,明,N5,明,Cấp 9
96,暗,N5,暗,Cấp 8
97,言,N5,言,Cấp 9
98,書,N5,書,Cấp 9
99,読,N5,読,Cấp 9
100,話,N5,話,Cấp 9
101,食,N5,食,Cấp 9
102,飲,N5,飲,Cấp 8
103,買,N5,買,Cấp 9
104,町,N5,町,Cấp 10
105,寺,N5,寺,Cấp 9
106,電,N5,電,Cấp 9
107,車,N5,車,Cấp 10
108,東,N5,東,Cấp 9
109,西,N5,西,Cấp 9
110,南,N5,南,Cấp 9
111,北,N5,北,Cấp 9
112,新,N5,新,Cấp 9
113,古,N5,古,Cấp 9
114,長,N5,長,Cấp 9
115,安,N5,安,Cấp 8
116,多,N5,多,Cấp 9
117,少,N5,少,Cấp 9
118,元,N5,元,Cấp 9
119,気,N5,気,Cấp 10
120,家,N4,家,Cấp 9
121,族,N4,族,Cấp 8
122,兄,N4,兄,Cấp 9
123,弟,N4,弟,Cấp 9
124,姉,N4,姉,Cấp 9
125,妹,N4,妹,Cấp 9
126,私,N4,私,Cấp 5
127,育,N4,育,Cấp 8
128,部,N4,部,Cấp 8
129,屋,N4,屋,Cấp 8
130,広,N4,広,Cấp 9
131,低,N4,低,Cấp 7
132,近,N4,近,Cấp 9
133,遠,N4,遠,Cấp 9
134,静,N4,静,Cấp 7
135,洋,N4,洋,Cấp 8
136,服,N4,服,Cấp 8
137,短,N4,短,Cấp 8
138,玉,N4,玉,Cấp 10
139,毛,N4,毛,Cấp 9
140,糸,N4,糸,Cấp 10
141,光,N4,光,Cấp 9
142,衣,N4,衣,Cấp 7
143,店,N4,店,Cấp 9
144,客,N4,客,Cấp 8
145,親,N4,親,Cấp 9
146,切,N4,切,Cấp 9
147,売,N4,売,Cấp 9
148,当,N4,当,Cấp 9
149,品,N4,品,Cấp 8
150,便,N4,便,Cấp 7
151,利,N4,利,Cấp 7
152,使,N4,使,Cấp 8
153,銀,N4,銀,Cấp 8
154,白,N4,白,Cấp 10
155,黒,N4,黒,Cấp 9
156,紙,N4,紙,Cấp 9
157,朝,N4,朝,Cấp 9
158,晩,N4,晩,Cấp 5
159,昼,N4,昼,Cấp 9
160,夜,N4,夜,Cấp 9
161,前,N4,前,Cấp 9
162,後,N4,後,Cấp 9
163,午,N4,午,Cấp 9
164,早,N4,早,Cấp 10
165,荷,N4,荷,Cấp 8
166,送,N4,送,Cấp 8
167,宅,N4,宅,Cấp 5
168,急,N4,急,Cấp 8
169,速,N4,速,Cấp 8
170,遅,N4,遅,Cấp 4
171,重,N4,重,Cấp 8
172,軽,N4,軽,Cấp 8
173,住,N4,住,Cấp 8
174,所,N4,所,Cấp 8
175,様,N4,様,Cấp 8
176,主,N4,主,Cấp 8
177,番,N4,番,Cấp 9
178,地,N4,地,Cấp 9
179,号,N4,号,Cấp 8
180,京,N4,京,Cấp 9
181,国,N4,国,Cấp 9
182,都,N4,都,Cấp 8
183,道,N4,道,Cấp 9
184,府,N4,府,Cấp 7
185,県,N4,県,Cấp 8
186,市,N4,市,Cấp 9
187,区,N4,区,Cấp 8
188,村,N4,村,Cấp 10
189,毎,N4,毎,Cấp 9
190,週,N4,週,Cấp 9
191,映,N4,映,Cấp 5
192,画,N4,画,Cấp 9
193,館,N4,館,Cấp 8
194,公,N4,公,Cấp 9
195,園,N4,園,Cấp 9
196,夫,N4,夫,Cấp 7
197,妻,N4,妻,Cấp 6
198,特,N4,特,Cấp 7
199,思,N4,思,Cấp 9
200,料,N4,料,Cấp 7
201,理,N4,理,Cấp 9
202,有,N4,有,Cấp 8
203,会,N4,会,Cấp 9
204,社,N4,社,Cấp 9
205,働,N4,働,Cấp 7
206,作,N4,作,Cấp 9
207,工,N4,工,Cấp 9
208,場,N4,場,Cấp 9
209,始,N4,始,Cấp 8
210,終,N4,終,Cấp 8
211,駅,N4,駅,Cấp 8
212,鉄,N4,鉄,Cấp 8
213,乗,N4,乗,Cấp 8
214,降,N4,降,Cấp 5
215,開,N4,開,Cấp 8
216,閉,N4,閉,Cấp 5
217,発,N4,発,Cấp 8
218,着,N4,着,Cấp 8
219,交,N4,交,Cấp 9
220,通,N4,通,Cấp 9
221,台,N4,台,Cấp 9
222,止,N4,止,Cấp 9
223,色,N4,色,Cấp 9
224,赤,N4,赤,Cấp 10
225,黄,N4,黄,Cấp 9
226,青,N4,青,Cấp 10
227,病,N4,病,Cấp 8
228,院,N4,院,Cấp 8
229,医,N4,医,Cấp 8
230,科,N4,科,Cấp 9
231,薬,N4,薬,Cấp 8
232,待,N4,待,Cấp 8
233,合,N4,合,Cấp 9
234,計,N4,計,Cấp 9
235,研,N4,研,Cấp 8
236,究,N4,究,Cấp 8
237,語,N4,語,Cấp 9
238,文,N4,文,Cấp 10
239,英,N4,英,Cấp 7
240,化,N4,化,Cấp 8
241,数,N4,数,Cấp 9
242,心,N4,心,Cấp 9
243,若,N4,若,Cấp 5
244,集,N4,集,Cấp 8
245,知,N4,知,Cấp 9
246,酒,N4,酒,Cấp 8
247,歌,N4,歌,Cấp 9
248,声,N4,声,Cấp 9
249,楽,N4,楽,Cấp 9
250,味,N4,味,Cấp 8
251,油,N4,油,Cấp 8
252,太,N4,太,Cấp 9
253,細,N4,細,Cấp 9
254,皿,N4,皿,Cấp 8
255,飯,N4,飯,Cấp 7
256,麦,N4,麦,Cấp 9
257,春,N4,春,Cấp 9
258,夏,N4,夏,Cấp 9
259,秋,N4,秋,Cấp 9
260,冬,N4,冬,Cấp 9
261,空,N4,空,Cấp 10
262,星,N4,星,Cấp 9
263,雲,N4,雲,Cấp 9
264,去,N4,去,Cấp 8
265,天,N4,天,Cấp 10
266,晴,N4,晴,Cấp 9
267,雪,N4,雪,Cấp 9
268,風,N4,風,Cấp 9
269,強,N4,強,Cấp 9
270,弱,N4,弱,Cấp 9
271,暑,N4,暑,Cấp 8
272,寒,N4,寒,Cấp 8
273,旅,N4,旅,Cấp 8
274,持,N4,持,Cấp 8
275,世,N4,世,Cấp 8
276,界,N4,界,Cấp 8
277,写,N4,写,Cấp 8
278,真,N4,真,Cấp 8
279,船,N4,船,Cấp 9
280,勉,N4,勉,Cấp 8
281,漢,N4,漢,Cấp 8
282,宿,N4,宿,Cấp 8
283,題,N4,題,Cấp 8
284,質,N4,質,Cấp 6
285,問,N4,問,Cấp 8
286,教,N4,教,Cấp 9
287,室,N4,室,Cấp 9
288,試,N4,試,Cấp 7
289,験,N4,験,Cấp 7
290,答,N4,答,Cấp 9
291,考,N4,考,Cấp 9
292,正,N4,正,Cấp 10
293,丸,N4,丸,Cấp 9
294,不,N4,不,Cấp 7
295,同,N4,同,Cấp 9
296,貸,N4,貸,Cấp 6
297,借,N4,借,Cấp 7
298,返,N4,返,Cấp 8
299,冊,N4,冊,Cấp 5
300,歴,N4,歴,Cấp 6
301,史,N4,史,Cấp 6
302,図,N4,図,Cấp 9
303,運,N4,運,Cấp 8
304,動,N4,動,Cấp 8
305,練,N4,練,Cấp 8
306,習,N4,習,Cấp 8
307,走,N4,走,Cấp 9
308,歩,N4,歩,Cấp 9
309,泳,N4,泳,Cấp 8
310,才,N4,才,Cấp 9
311,自,N4,自,Cấp 9
312,然,N4,然,Cấp 7
313,草,N4,草,Cấp 10
314,原,N4,原,Cấp 9
315,湖,N4,湖,Cấp 8
316,谷,N4,谷,Cấp 9
317,海,N4,海,Cấp 9
318,辺,N4,辺,Cấp 7
319,里,N4,里,Cấp 9
320,野,N4,野,Cấp 9
321,緑,N4,緑,Cấp 8
322,池,N4,池,Cấp 9
323,鳥,N4,鳥,Cấp 9
324,羽,N4,羽,Cấp 9
325,馬,N4,馬,Cấp 9
326,鳴,N4,鳴,Cấp 9
327,起,N3,起,Cấp 8
328,寝,N3,寝,Cấp 4
329,浴,N3,浴,Cấp 7
330,湯,N3,湯,Cấp 8
331,洗,N3,洗,Cấp 5
332,濯,N3,濯,Tiền cấp 2
333,干,N3,干,Cấp 5
334,活,N3,活,Cấp 9
335,拾,N3,拾,Cấp 8
336,捨,N3,捨,Cấp 5
337,燃,N3,燃,Cấp 6
338,袋,N3,袋,Cấp 3
339,曜,N3,曜,Cấp 9
340,末,N3,末,Cấp 7
341,昨,N3,昨,Cấp 7
342,翌,N3,翌,Cấp 5
343,予,N3,予,Cấp 8
344,定,N3,定,Cấp 8
345,用,N3,用,Cấp 9
346,事,N3,事,Cấp 8
347,熱,N3,熱,Cấp 7
348,冷,N3,冷,Cấp 7
349,温,N3,温,Cấp 8
350,度,N3,度,Cấp 8
351,材,N3,材,Cấp 7
352,型,N3,型,Cấp 6
353,焼,N3,焼,Cấp 7
354,器,N3,器,Cấp 7
355,卵,N3,卵,Cấp 5
356,乳,N3,乳,Cấp 5
357,粉,N3,粉,Cấp 6
358,塩,N3,塩,Cấp 7
359,菜,N3,菜,Cấp 7
360,果,N3,果,Cấp 7
361,豆,N3,豆,Cấp 8
362,缶,N3,缶,Tiền cấp 2
363,杯,N3,杯,Cấp 4
364,枚,N3,枚,Cấp 5
365,匹,N3,匹,Cấp 4
366,量,N3,量,Cấp 7
367,頭,N3,頭,Cấp 9
368,顔,N3,顔,Cấp 9
369,首,N3,首,Cấp 9
370,鼻,N3,鼻,Cấp 8
371,呼 ,N3,呼,Cấp 5
372,吸 ,N3,吸,Cấp 5
373,息 ,N3,息,Cấp 8
374,汗,N3,汗,Cấp 4
375,検 ,N3,検,Cấp 6
376,査 ,N3,査,Cấp 6
377,歯 ,N3,歯,Cấp 8
378,痛,N3,痛,Cấp 5
379,血 ,N3,血,Cấp 8
380,液 ,N3,液,Cấp 6
381,包 ,N3,包,Cấp 7
382,帯,N3,帯,Cấp 7
383,救 ,N3,救,Cấp 6
384,助 ,N3,助,Cấp 8
385,死 ,N3,死,Cấp 8
386,亡,N3,亡,Cấp 5
387,角 ,N3,角,Cấp 9
388,曲 ,N3,曲,Cấp 8
389,折,N3,折,Cấp 7
390,路,N3,路,Cấp 8
391,追 ,N3,追,Cấp 8
392,突 ,N3,突,Cấp 4
393,転 ,N3,転,Cấp 8
394,倒,N3,倒,Cấp 4
395,位,N3,位,Cấp 7
396,置,N3,置,Cấp 7
397,横,N3,横,Cấp 8
398,央,N3,央,Cấp 8
399,直,N3,直,Cấp 9
400,線,N3,線,Cấp 9
401,逆,N3,逆,Cấp 6
402,側,N3,側,Cấp 7
403,注,N3,注,Cấp 8
404,意,N3,意,Cấp 8
405,橋,N3,橋,Cấp 8
406,進,N3,進,Cấp 8
407,戦,N3,戦,Cấp 7
408,決,N3,決,Cấp 8
409,勝,N3,勝,Cấp 8
410,負,N3,負,Cấp 8
411,代,N3,代,Cấp 8
412,表,N3,表,Cấp 8
413,第,N3,第,Cấp 8
414,回,N3,回,Cấp 9
415,記,N3,記,Cấp 9
416,録,N3,録,Cấp 7
417,優,N3,優,Cấp 5
418,賞,N3,賞,Cấp 6
419,秒,N3,秒,Cấp 8
420,差,N3,差,Cấp 7
421,測,N3,測,Cấp 6
422,順,N3,順,Cấp 7
423,球,N3,球,Cấp 8
424,打,N3,打,Cấp 8
425,投,N3,投,Cấp 8
426,点,N3,点,Cấp 9
427,感,N3,感,Cấp 8
428,情,N3,情,Cấp 6
429,恋,N3,恋,Cấp 4
430,愛,N3,愛,Cấp 7
431,信,N3,信,Cấp 7
432,想,N3,想,Cấp 8
433,伝,N3,伝,Cấp 7
434,欲,N3,欲,Cấp 5
435,苦,N3,苦,Cấp 8
436,悩,N3,悩,Cấp 4
437,困,N3,困,Cấp 5
438,難,N3,難,Cấp 5
439,怒,N3,怒,Cấp 4
440,悲,N3,悲,Cấp 8
441,笑,N3,笑,Cấp 7
442,喜,N3,喜,Cấp 6
443,残,N3,残,Cấp 7
444,念,N3,念,Cấp 7
445,泣,N3,泣,Cấp 7
446,涙,N3,涙,Cấp 4
447,結,N3,結,Cấp 7
448,婚,N3,婚,Cấp 4
449,紹,N3,紹,Cấp 4
450,介,N3,介,Cấp 4
451,独,N3,独,Cấp 6
452,身,N3,身,Cấp 8
453,貯,N3,貯,Cấp 6
454,期,N3,期,Cấp 8
455,約,N3,約,Cấp 7
456,束,N3,束,Cấp 7
457,必,N3,必,Cấp 7
458,守,N3,守,Cấp 8
459,式,N3,式,Cấp 8
460,列,N3,列,Cấp 8
461,祝,N3,祝,Cấp 7
462,酔,N3,酔,Cấp 3
463,永,N3,永,Cấp 6
464,願,N3,願,Cấp 7
465,幸,N3,幸,Cấp 8
466,福,N3,福,Cấp 8
467,関,N3,関,Cấp 7
468,係,N3,係,Cấp 8
469,和,N3,和,Cấp 8
470,付,N3,付,Cấp 7
471,娘,N3,娘,Cấp 4
472,老,N3,老,Cấp 7
473,婦,N3,婦,Cấp 6
474,姓,N3,姓,Cấp 4
475,仲,N3,仲,Cấp 7
476,君,N3,君,Cấp 8
477,彼,N3,彼,Cấp 4
478,他,N3,他,Cấp 8
479,初,N3,初,Cấp 7
480,再,N3,再,Cấp 6
481,久,N3,久,Cấp 6
482,達,N3,達,Cấp 7
483,個,N3,個,Cấp 6
484,性,N3,性,Cấp 6
485,各,N3,各,Cấp 7
486,格,N3,格,Cấp 6
487,幼,N3,幼,Cấp 5
488,児,N3,児,Cấp 7
489,童,N3,童,Cấp 8
490,徒,N3,徒,Cấp 7
491,担,N3,担,Cấp 5
492,任,N3,任,Cấp 6
493,師,N3,師,Cấp 6
494,組,N3,組,Cấp 9
495,机,N3,机,Cấp 5
496,座,N3,座,Cấp 5
497,板,N3,板,Cấp 8
498,筆,N3,筆,Cấp 8
499,政,N3,政,Cấp 6
500,治,N3,治,Cấp 7
501,経,N3,経,Cấp 6
502,済,N3,済,Cấp 5
503,具,N3,具,Cấp 8
504,箱,N3,箱,Cấp 8
505,棒,N3,棒,Cấp 5
506,伸,N3,伸,Cấp 3
507,希,N3,希,Cấp 7
508,望,N3,望,Cấp 7
509,夢,N3,夢,Cấp 6
510,的,N3,的,Cấp 7
511,可,N3,可,Cấp 6
512,能,N3,能,Cấp 6
513,調,N3,調,Cấp 8
514,選,N3,選,Cấp 7
515,面,N3,面,Cấp 8
516,接,N3,接,Cấp 6
517,受,N3,受,Cấp 8
518,落,N3,落,Cấp 8
519,倍,N3,倍,Cấp 8
520,率,N3,率,Cấp 6
521,平,N3,平,Cấp 8
522,均,N3,均,Cấp 6
523,成,N3,成,Cấp 7
524,績,N3,績,Cấp 6
525,良,N3,良,Cấp 7
526,悪,N3,悪,Cấp 8
527,授,N3,授,Cấp 6
528,業,N3,業,Cấp 8
529,級,N3,級,Cấp 8
530,卒,N3,卒,Cấp 7
531,欠,N3,欠,Cấp 7
532,席,N3,席,Cấp 7
533,由,N3,由,Cấp 8
534,訳,N3,訳,Cấp 5
535,例,N3,例,Cấp 7
536,易,N3,易,Cấp 6
537,解,N3,解,Cấp 6
538,説,N3,説,Cấp 7
539,覚,N3,覚,Cấp 7
540,忘,N3,忘,Cấp 5
541,努,N3,努,Cấp 7
542,続,N3,続,Cấp 7
543,要,N3,要,Cấp 7
544,復,N3,復,Cấp 6
545,補,N3,補,Cấp 5
546,効,N3,効,Cấp 6
547,種,N3,種,Cấp 7
548,類,N3,類,Cấp 7
549,存,N3,存,Cấp 5
550,在,N3,在,Cấp 6
551,陽,N3,陽,Cấp 8
552,巨,N3,巨,Cấp 4
553,氷,N3,氷,Cấp 8
554,河,N3,河,Cấp 6
555,季,N3,季,Cấp 7
556,候,N3,候,Cấp 7
557,暖,N3,暖,Cấp 5
558,流,N3,流,Cấp 8
559,形,N3,形,Cấp 9
560,底,N3,底,Cấp 7
561,深,N3,深,Cấp 8
562,浅,N3,浅,Cấp 7
563,島,N3,島,Cấp 8
564,陸,N3,陸,Cấp 7
565,岸,N3,岸,Cấp 8
566,坂,N3,坂,Cấp 8
567,準,N3,準,Cấp 6
568,備,N3,備,Cấp 6
569,迎,N3,迎,Cấp 4
570,変,N3,変,Cấp 7
571,飛,N3,飛,Cấp 7
572,移,N3,移,Cấp 6
573,登,N3,登,Cấp 8
574,泊,N3,泊,Cấp 4
575,団,N3,団,Cấp 6
576,程,N3,程,Cấp 6
577,欧,N3,欧,Cấp 3
578,州,N3,州,Cấp 8
579,観,N3,観,Cấp 7
580,舟,N3,舟,Cấp 4
581,芸,N3,芸,Cấp 7
582,演,N3,演,Cấp 6
583,仏,N3,仏,Cấp 6
584,神,N3,神,Cấp 8
585,祭,N3,祭,Cấp 8
586,絵,N3,絵,Cấp 9
587,押,N3,押,Cấp 4
588,引,N3,引,Cấp 9
589,取,N3,取,Cấp 8
590,消,N3,消,Cấp 8
591,戸,N3,戸,Cấp 9
592,窓,N3,窓,Cấp 5
593,階,N3,階,Cấp 8
594,段,N3,段,Cấp 5
595,植,N3,植,Cấp 8
596,葉,N3,葉,Cấp 8
597,実,N3,実,Cấp 8
598,根,N3,根,Cấp 8
599,建,N3,建,Cấp 7
600,築,N3,築,Cấp 6
601,構,N3,構,Cấp 6
602,造,N3,造,Cấp 6
603,設,N3,設,Cấp 6
604,柱,N3,柱,Cấp 8
605,庫,N3,庫,Cấp 8
606,向,N3,向,Cấp 8
607,仕,N3,仕,Cấp 8
608,職,N3,職,Cấp 6
609,求,N3,求,Cấp 7
610,探,N3,探,Cấp 5
611,常,N3,常,Cấp 6
612,識,N3,識,Cấp 6
613,失,N3,失,Cấp 7
614,礼,N3,礼,Cấp 8
615,労,N3,労,Cấp 7
616,員,N3,員,Cấp 8
617,官,N3,官,Cấp 7
618,局,N3,局,Cấp 8
619,辞,N3,辞,Cấp 7
620,退,N3,退,Cấp 5
621,積,N3,積,Cấp 7
622,給,N3,給,Cấp 7
623,収,N3,収,Cấp 5
624,支,N3,支,Cấp 6
625,厚,N3,厚,Cấp 6
626,議,N3,議,Cấp 7
627,賛,N3,賛,Cấp 6
628,反,N3,反,Cấp 8
629,対,N3,対,Cấp 8
630,肯,N3,肯,Tiền cấp 2
631,否,N3,否,Cấp 5
632,保,N3,保,Cấp 6
633,留,N3,留,Cấp 6
634,判,N3,判,Cấp 6
635,断,N3,断,Cấp 6
636,確,N3,確,Cấp 6
637,認,N3,認,Cấp 5
638,報,N3,報,Cấp 6
639,告,N3,告,Cấp 6
640,連,N3,連,Cấp 7
641,絡,N3,絡,Cấp 4
642,相,N3,相,Cấp 8
643,談,N3,談,Cấp 8
644,指,N3,指,Cấp 8
645,示,N3,示,Cấp 6
646,最,N3,最,Cấp 7
647,副,N3,副,Cấp 7
648,管,N3,管,Cấp 7
649,者,N3,者,Cấp 8
650,現,N3,現,Cấp 6
651,旧,N3,旧,Cấp 6
652,昔,N3,昔,Cấp 8
653,次,N3,次,Cấp 8
654,費,N3,費,Cấp 6
655,算,N3,算,Cấp 9
656,供,N3,供,Cấp 5
657,税,N3,税,Cấp 6
658,機,N3,機,Cấp 7
659,械,N3,械,Cấp 7
660,危,N3,危,Cấp 5
661,険,N3,険,Cấp 6
662,技,N3,技,Cấp 6
663,術,N3,術,Cấp 6
664,貿,N3,貿,Cấp 6
665,商,N3,商,Cấp 8
666,単,N3,単,Cấp 7
667,複,N3,複,Cấp 6
668,全,N3,全,Cấp 8
669,以,N3,以,Cấp 7
670,未,N3,未,Cấp 7
671,満,N3,満,Cấp 7
672,無,N3,無,Cấp 7
673,非,N3,非,Cấp 6
674,億,N3,億,Cấp 7
675,兆,N3,兆,Cấp 7
676,贈,N2,贈,Cấp 4
677,渡,N2,渡,Cấp 4
678,配,N2,配,Cấp 8
679,届,N2,届,Cấp 5
680,招,N2,招,Cấp 6
681,券,N2,券,Cấp 5
682,丼,N2,丼,Cấp 2
683,汁,N2,汁,Tiền cấp 2
684,盛,N2,盛,Cấp 5
685,混,N2,混,Cấp 6
686,溶,N2,溶,Cấp 4
687,含,N2,含,Cấp 4
688,越,N2,越,Cấp 4
689,契,N2,契,Cấp 3
690,賃,N2,賃,Cấp 5
691,仮,N2,仮,Cấp 6
692,証,N2,証,Cấp 6
693,域,N2,域,Cấp 5
694,雑,N2,雑,Cấp 6
695,誌,N2,誌,Cấp 5
696,刊,N2,刊,Cấp 6
697,著,N2,著,Cấp 5
698,巻,N2,巻,Cấp 5
699,並,N2,並,Cấp 5
700,清,N2,清,Cấp 7
701,掃,N2,掃,Cấp 3
702,整,N2,整,Cấp 8
703,汚,N2,汚,Cấp 4
704,庭,N2,庭,Cấp 8
705,居,N2,居,Cấp 6
706,駐,N2,駐,Cấp 3
707,輪,N2,輪,Cấp 7
708,港,N2,港,Cấp 8
709,到,N2,到,Cấp 4
710,途,N2,途,Cấp 4
711,過,N2,過,Cấp 6
712,符,N2,符,Cấp 3
713,停,N2,停,Cấp 6
714,標,N2,標,Cấp 7
715,普,N2,普,Cấp 4
716,刻,N2,刻,Cấp 5
717,違,N2,違,Cấp 4
718,漁,N2,漁,Cấp 7
719,輸,N2,輸,Cấp 6
720,製,N2,製,Cấp 6
721,郵,N2,郵,Cấp 5
722,航,N2,航,Cấp 6
723,融,N2,融,Tiền cấp 2
724,戻,N2,戻,Tiền cấp 2
725,換,N2,換,Cấp 3
726,払,N2,払,Cấp 4
727,込,N2,込,Cấp 4
728,両,N2,両,Cấp 8
729,替,N2,替,Cấp 4
730,照,N2,照,Cấp 7
731,預,N2,預,Cấp 5
732,札,N2,札,Cấp 7
733,貨,N2,貨,Cấp 7
734,帳,N2,帳,Cấp 8
735,振,N2,振,Cấp 4
736,俳,N2,俳,Cấp 5
737,句,N2,句,Cấp 6
738,展,N2,展,Cấp 5
739,覧,N2,覧,Cấp 5
740,詩,N2,詩,Cấp 8
741,詞,N2,詞,Cấp 5
742,劇,N2,劇,Cấp 5
743,舞,N2,舞,Cấp 4
744,布,N2,布,Cấp 6
745,堂,N2,堂,Cấp 6
746,宗,N2,宗,Cấp 5
747,刀,N2,刀,Cấp 9
748,脱,N2,脱,Cấp 4
749,掛,N2,掛,Cấp 3
750,姿,N2,姿,Cấp 5
751,勢,N2,勢,Cấp 6
752,柔,N2,柔,Cấp 4
753,軟,N2,軟,Tiền cấp 2
754,固,N2,固,Cấp 7
755,純,N2,純,Cấp 5
756,快,N2,快,Cấp 6
757,甘,N2,甘,Cấp 4
758,濃,N2,濃,Cấp 4
759,薄,N2,薄,Cấp 4
760,宝,N2,宝,Cấp 5
761,城,N2,城,Cấp 7
762,栄,N2,栄,Cấp 7
763,蔵,N2,蔵,Cấp 5
764,昭,N2,昭,Cấp 8
765,士,N2,士,Cấp 6
766,健,N2,健,Cấp 7
767,康,N2,康,Cấp 7
768,診,N2,診,Tiền cấp 2
769,療,N2,療,Cấp 4
770,命,N2,命,Cấp 8
771,異,N2,異,Cấp 5
772,背,N2,背,Cấp 5
773,腹,N2,腹,Cấp 5
774,肩,N2,肩,Cấp 4
775,腕,N2,腕,Cấp 4
776,胸,N2,胸,Cấp 5
777,腰,N2,腰,Cấp 4
778,脳,N2,脳,Cấp 5
779,臓,N2,臓,Cấp 5
780,胃,N2,胃,Cấp 5
781,筋,N2,筋,Cấp 5
782,骨,N2,骨,Cấp 5
783,節,N2,節,Cấp 7
784,症,N2,症,Tiền cấp 2
785,状,N2,状,Cấp 6
786,因,N2,因,Cấp 6
787,況,N2,況,Cấp 4
788,態,N2,態,Cấp 6
789,圧,N2,圧,Cấp 6
790,傷,N2,傷,Cấp 5
791,処,N2,処,Cấp 5
792,触,N2,触,Cấp 4
793,針,N2,針,Cấp 5
794,抜,N2,抜,Cấp 4
795,皮,N2,皮,Cấp 8
796,忙,N2,忙,Cấp 4
797,疲,N2,疲,Cấp 4
798,慣,N2,慣,Cấp 6
799,競,N2,競,Cấp 7
800,養,N2,養,Cấp 7
801,兼,N2,兼,Cấp 4
802,就,N2,就,Cấp 5
803,従,N2,従,Cấp 5
804,応,N2,応,Cấp 6
805,訪,N2,訪,Cấp 5
806,課,N2,課,Cấp 7
807,論,N2,論,Cấp 5
808,採,N2,採,Cấp 6
809,募,N2,募,Cấp 3
810,雇,N2,雇,Cấp 3
811,適,N2,適,Cấp 6
812,般,N2,般,Cấp 4
813,総,N2,総,Cấp 6
814,企,N2,企,Cấp 3
815,案,N2,案,Cấp 7
816,依,N2,依,Cấp 4
817,頼,N2,頼,Cấp 4
818,比,N2,比,Cấp 6
819,較,N2,較,Cấp 4
820,評,N2,評,Cấp 6
821,価,N2,価,Cấp 6
822,改,N2,改,Cấp 7
823,善,N2,善,Cấp 5
824,勤,N2,勤,Cấp 5
825,務,N2,務,Cấp 6
826,営,N2,営,Cấp 6
827,景,N2,景,Cấp 7
828,資,N2,資,Cấp 6
829,役,N2,役,Cấp 8
830,拡,N2,拡,Cấp 5
831,縮,N2,縮,Cấp 5
832,販,N2,販,Cấp 4
833,略,N2,略,Cấp 6
834,値,N2,値,Cấp 5
835,額,N2,額,Cấp 6
836,購,N2,購,Tiền cấp 2
837,納,N2,納,Cấp 5
838,益,N2,益,Cấp 6
839,財,N2,財,Cấp 6
840,損,N2,損,Cấp 6
841,得,N2,得,Cấp 6
842,株,N2,株,Cấp 5
843,債,N2,債,Cấp 3
844,充,N2,充,Tiền cấp 2
845,余,N2,余,Cấp 6
846,加,N2,加,Cấp 7
847,除,N2,除,Cấp 5
848,増,N2,増,Cấp 6
849,減,N2,減,Cấp 6
850,版,N2,版,Cấp 6
851,編,N2,編,Cấp 6
852,片,N2,片,Cấp 5
853,裏,N2,裏,Cấp 5
854,章,N2,章,Cấp 8
855,幅,N2,幅,Cấp 4
856,毒,N2,毒,Cấp 6
857,殺,N2,殺,Cấp 6
858,責,N2,責,Cấp 6
859,逃,N2,逃,Cấp 4
860,暴,N2,暴,Cấp 6
861,恐,N2,恐,Cấp 4
862,緊,N2,緊,Cấp 3
863,張,N2,張,Cấp 6
864,破,N2,破,Cấp 6
865,割,N2,割,Cấp 5
866,別,N2,別,Cấp 7
867,離,N2,離,Cấp 4
868,殴,N2,殴,Cấp 3
869,叫,N2,叫,Cấp 4
870,怖,N2,怖,Cấp 4
871,嫌,N2,嫌,Tiền cấp 2
872,憎,N2,憎,Cấp 3
873,恥,N2,恥,Cấp 4
874,犯,N2,犯,Cấp 6
875,罪,N2,罪,Cấp 6
876,容,N2,容,Cấp 6
877,疑,N2,疑,Cấp 5
878,件,N2,件,Cấp 6
879,迷,N2,迷,Cấp 6
880,印,N2,印,Cấp 7
881,象,N2,象,Cấp 6
882,誘,N2,誘,Cấp 3
883,勧,N2,勧,Cấp 4
884,刃,N2,刃,Tiền cấp 2
885,盗,N2,盗,Cấp 4
886,周,N2,周,Cấp 7
887,囲,N2,囲,Cấp 6
888,協,N2,協,Cấp 7
889,互,N2,互,Cấp 4
890,共,N2,共,Cấp 7
891,我,N2,我,Cấp 5
892,皆,N2,皆,Cấp 4
893,緒,N2,緒,Tiền cấp 2
894,謝,N2,謝,Cấp 6
895,励,N2,励,Cấp 3
896,抱,N2,抱,Cấp 4
897,握,N2,握,Cấp 4
898,僕,N2,僕,Tiền cấp 2
899,輩,N2,輩,Cấp 4
900,僚,N2,僚,Tiền cấp 2
901,誰,N2,誰,Cấp 2
902,遊,N2,遊,Cấp 8
903,冗,N2,冗,Cấp 3
904,尊,N2,尊,Cấp 5
905,敬,N2,敬,Cấp 5
906,申,N2,申,Cấp 8
907,参,N2,参,Cấp 7
908,致,N2,致,Cấp 4
909,御,N2,御,Cấp 4
910,召,N2,召,Cấp 4
911,拝,N2,拝,Cấp 5
912,了,N2,了,Cấp 3
913,承,N2,承,Cấp 5
914,伺,N2,伺,Cấp 4
915,頂,N2,頂,Cấp 5
916,乾,N2,乾,Cấp 4
917,燥,N2,燥,Cấp 4
918,湿,N2,湿,Cấp 3
919,涼,N2,涼,Tiền cấp 2
920,雷,N2,雷,Cấp 4
921,嵐,N2,嵐,Cấp 2
922,災,N2,災,Cấp 6
923,害,N2,害,Cấp 7
924,震,N2,震,Cấp 4
925,防,N2,防,Cấp 6
926,影,N2,影,Cấp 4
927,響,N2,響,Cấp 4
928,被,N2,被,Cấp 4
929,壊,N2,壊,Cấp 4
930,傾,N2,傾,Cấp 4
931,噴,N2,噴,Cấp 4
932,崩,N2,崩,Cấp 3
933,炎,N2,炎,Cấp 3
934,洪,N2,洪,Tiền cấp 2
935,波,N2,波,Cấp 8
936,津,N2,津,Tiền cấp 2
937,荒,N2,荒,Cấp 4
938,激,N2,激,Cấp 5
939,吹,N2,吹,Cấp 4
940,援,N2,援,Cấp 4
941,避,N2,避,Cấp 4
942,埋,N2,埋,Cấp 3
943,泥,N2,泥,Tiền cấp 2
944,浮,N2,浮,Cấp 4
945,沈,N2,沈,Cấp 4
946,講,N2,講,Cấp 6
947,義,N2,義,Cấp 6
948,導,N2,導,Cấp 6
949,専,N2,専,Cấp 5
950,限,N2,限,Cấp 6
951,修,N2,修,Cấp 6
952,述,N2,述,Cấp 6
953,基,N2,基,Cấp 6
954,博,N2,博,Cấp 7
955,将,N2,将,Cấp 5
956,塾,N2,塾,Tiền cấp 2
957,簿,N2,簿,Cấp 3
958,法,N2,法,Cấp 7
959,律,N2,律,Cấp 5
960,規,N2,規,Cấp 6
961,則,N2,則,Cấp 6
962,禁,N2,禁,Cấp 6
963,許,N2,許,Cấp 6
964,警,N2,警,Cấp 5
965,察,N2,察,Cấp 7
966,署,N2,署,Cấp 5
967,捕,N2,捕,Cấp 4
968,訓,N2,訓,Cấp 7
969,乱,N2,乱,Cấp 5
970,産,N2,産,Cấp 7
971,農,N2,農,Cấp 8
972,貧,N2,貧,Cấp 6
973,富,N2,富,Cấp 7
974,豊,N2,豊,Cấp 6
975,等,N2,等,Cấp 8
976,畳,N2,畳,Cấp 4
977,床,N2,床,Cấp 4
978,軒,N2,軒,Cấp 4
979,玄,N2,玄,Cấp 4
980,壁,N2,壁,Cấp 4
981,廊,N2,廊,Cấp 3
982,寮,N2,寮,Tiền cấp 2
983,隣,N2,隣,Cấp 4
984,敷,N2,敷,Cấp 4
985,狭,N2,狭,Cấp 4
986,荘,N2,荘,Tiền cấp 2
987,奥,N2,奥,Cấp 4
988,封,N2,封,Cấp 3
989,筒,N2,筒,Tiền cấp 2
990,歳,N2,歳,Cấp 4
991,暮,N2,暮,Cấp 5
992,宛,N2,宛,Cấp 2
993,菓,N2,菓,Cấp 4
994,詰,N2,詰,Cấp 4
995,瓶,N2,瓶,Tiền cấp 2
996,粒,N2,粒,Cấp 4
997,酢,N2,酢,Tiền cấp 2
998,糖,N2,糖,Cấp 5
999,辛,N2,辛,Cấp 3
1000,渋,N2,渋,Tiền cấp 2
1001,滞,N2,滞,Cấp 3
1002,街,N2,街,Cấp 7
1003,往,N2,往,Cấp 6
1004,距,N2,距,Cấp 4
1005,灯,N2,灯,Cấp 7
1006,携,N2,携,Cấp 3
1007,即,N2,即,Cấp 4
1008,稼,N2,稼,Tiền cấp 2
1009,需,N2,需,Cấp 4
1010,拒,N2,拒,Tiền cấp 2
1011,厳,N2,厳,Cấp 5
1012,刷,N2,刷,Cấp 7
1013,枠,N2,枠,Tiền cấp 2
1014,縦,N2,縦,Cấp 5
1015,斜,N2,斜,Cấp 4
1016,端,N2,端,Cấp 4
1017,隅,N2,隅,Tiền cấp 2
1018,堅,N2,堅,Cấp 4
1019,硬,N2,硬,Cấp 3
1020,鋭,N2,鋭,Cấp 4
1021,鈍,N2,鈍,Cấp 4
1022,詳,N2,詳,Cấp 4
1023,簡,N2,簡,Cấp 5
1024,頑,N2,頑,Tiền cấp 2
1025,勇,N2,勇,Cấp 7
1026,賢,N2,賢,Cấp 3
1027,偉,N2,偉,Cấp 4
1028,珍,N2,珍,Cấp 4
1029,帽,N2,帽,Cấp 4
1030,傘,N2,傘,Tiền cấp 2
1031,革,N2,革,Cấp 5
1032,靴,N2,靴,Tiền cấp 2
1033,柄,N2,柄,Cấp 4
1034,装,N2,装,Cấp 5
1035,睡,N2,睡,Tiền cấp 2
1036,眠,N2,眠,Cấp 4
1037,喫,N2,喫,Cấp 3
1038,煙,N2,煙,Cấp 4
1039,脂,N2,脂,Cấp 4
1040,肪,N2,肪,Cấp 4
1041,妊,N2,妊,Tiền cấp 2
1042,娠,N2,娠,Tiền cấp 2
1043,双,N2,双,Cấp 3
1044,誕,N2,誕,Cấp 5
1045,脈,N2,脈,Cấp 6
1046,拍,N2,拍,Cấp 4
1047,看,N2,看,Cấp 5
1048,患,N2,患,Tiền cấp 2
1049,視,N2,視,Cấp 5
1050,眼,N2,眼,Cấp 6
1051,舌,N2,舌,Cấp 5
1052,刺,N2,刺,Cấp 4
1053,齢,N2,齢,Cấp 4
1054,潔,N2,潔,Cấp 6
1055,菌,N2,菌,Tiền cấp 2
1056,剤,N2,剤,Cấp 4
1057,渇,N2,渇,Tiền cấp 2
1058,吐,N2,吐,Cấp 4
1059,肌,N2,肌,Tiền cấp 2
1060,粧,N2,粧,Tiền cấp 2
1061,髪,N2,髪,Cấp 4
1062,脚,N2,脚,Cấp 4
1063,華,N2,華,Cấp 3
1064,鏡,N2,鏡,Cấp 7
1065,桜,N2,桜,Cấp 6
1066,梅,N2,梅,Cấp 7
1067,松,N2,松,Cấp 7
1068,杉,N2,杉,Tiền cấp 2
1069,菊,N2,菊,Cấp 3
1070,綿,N2,綿,Cấp 6
1071,咲,N2,咲,Cấp 4
1072,枯,N2,枯,Cấp 4
1073,枝,N2,枝,Cấp 6
1074,美,N2,美,Cấp 8
1075,香,N2,香,Cấp 7
1076,飾,N2,飾,Cấp 4
1077,紅,N2,紅,Cấp 5
1078,紺,N2,紺,Cấp 3
1079,灰,N2,灰,Cấp 5
1080,紫,N2,紫,Cấp 4
1081,鮮,N2,鮮,Cấp 4
1082,彩,N2,彩,Cấp 4
1083,飼,N2,飼,Cấp 6
1084,与,N2,与,Cấp 4
1085,散,N2,散,Cấp 7
1086,巣,N2,巣,Cấp 7
1087,猫,N2,猫,Tiền cấp 2
1088,羊,N2,羊,Cấp 8
1089,豚,N2,豚,Cấp 3
1090,畜,N2,畜,Cấp 3
1091,放,N2,放,Cấp 8
1092,牧,N2,牧,Cấp 7
1093,絶,N2,絶,Cấp 6
1094,宇,N2,宇,Cấp 5
1095,宙,N2,宙,Cấp 5
1096,環,N2,環,Cấp 4
1097,境,N2,境,Cấp 6
1098,極,N2,極,Cấp 7
1099,昇,N2,昇,Cấp 3
1100,泉,N2,泉,Cấp 5
1101,源,N2,源,Cấp 5
1102,恵,N2,恵,Cấp 4
1103,泡,N2,泡,Tiền cấp 2
1104,井,N2,井,Cấp 7
1105,沢,N2,沢,Cấp 4
1106,滝,N2,滝,Cấp 3
1107,沼,N2,沼,Cấp 4
1108,滴,N2,滴,Cấp 4
1109,凍,N2,凍,Cấp 3
1110,瀬,N2,瀬,Cấp 3
1111,浄,N2,浄,Tiền cấp 2
1112,湾,N2,湾,Cấp 3
1113,沖,N2,沖,Cấp 7
1114,浜,N2,浜,Cấp 4
1115,江,N2,江,Tiền cấp 2
1116,層,N2,層,Cấp 5
1117,砂,N2,砂,Cấp 5
1118,掘,N2,掘,Cấp 4
1119,穴,N2,穴,Cấp 5
1120,洞,N2,洞,Tiền cấp 2
1121,炭,N2,炭,Cấp 8
1122,鉱,N2,鉱,Cấp 6
1123,銅,N2,銅,Cấp 6
1124,宴,N2,宴,Cấp 3
1125,催,N2,催,Cấp 3
1126,寄,N2,寄,Cấp 6
1127,酌,N2,酌,Tiền cấp 2
1128,騒,N2,騒,Cấp 4
1129,踊,N2,踊,Cấp 4
1130,誤,N2,誤,Cấp 5
1131,憶,N2,憶,Cấp 4
1132,延,N2,延,Cấp 5
1133,超,N2,超,Cấp 3
1134,更,N2,更,Cấp 4
1135,徹,N2,徹,Tiền cấp 2
1136,精,N2,精,Cấp 6
1137,像,N2,像,Cấp 6
1138,殿,N2,殿,Cấp 4
1139,坊,N2,坊,Cấp 4
1140,跡,N2,跡,Cấp 4
1141,祈,N2,祈,Cấp 4
1142,条,N2,条,Cấp 6
1143,令,N2,令,Cấp 7
1144,司,N2,司,Cấp 7
1145,制,N2,制,Cấp 6
1146,策,N2,策,Cấp 5
1147,際,N2,際,Cấp 6
1148,孫,N2,孫,Cấp 7
1149,祖,N2,祖,Cấp 6
1150,似,N2,似,Cấp 6
1151,氏,N2,氏,Cấp 7
1152,籍,N2,籍,Cấp 3
1153,偶,N2,偶,Cấp 3
1154,党,N2,党,Cấp 5
1155,民,N2,民,Cấp 7
1156,挙,N2,挙,Cấp 7
1157,委,N2,委,Cấp 8
1158,権,N2,権,Cấp 5
1159,票,N2,票,Cấp 7
1160,省,N2,省,Cấp 7
1161,庁,N2,庁,Cấp 5
1162,完,N2,完,Cấp 7
1163,臣,N2,臣,Cấp 7
1164,争,N2,争,Cấp 7
1165,敗,N2,敗,Cấp 7
1166,統,N2,統,Cấp 6
1167,衆,N2,衆,Cấp 5
1168,秩,N2,秩,Tiền cấp 2
1169,序,N2,序,Cấp 6
1170,閣,N2,閣,Cấp 5
1171,批,N2,批,Cấp 5
1172,軍,N2,軍,Cấp 7
1173,兵,N2,兵,Cấp 7
1174,隊,N2,隊,Cấp 7
1175,銃,N2,銃,Tiền cấp 2
1176,砲,N2,砲,Cấp 4
1177,核,N2,核,Tiền cấp 2
1178,攻,N2,攻,Cấp 4
1179,撃,N2,撃,Cấp 4
1180,爆,N2,爆,Cấp 4
1181,弾,N2,弾,Cấp 4
1182,射,N2,射,Cấp 5
1183,武,N2,武,Cấp 6
1184,敵,N2,敵,Cấp 5
1185,侵,N2,侵,Cấp 4
1186,迫,N2,迫,Cấp 4
1187,脅,N2,脅,Cấp 3
1188,屈,N2,屈,Cấp 4
1189,討,N2,討,Cấp 5
1190,衛,N2,衛,Cấp 6
1191,盟,N2,盟,Cấp 5
1192,領,N2,領,Cấp 6
1193,占,N2,占,Cấp 4
1194,裁,N2,裁,Cấp 5
1195,捜,N2,捜,Tiền cấp 2
1196,護,N2,護,Cấp 6
1197,刑,N2,刑,Cấp 3
1198,罰,N2,罰,Cấp 4
1199,阪,N2,阪,Cấp 7
1200,埼,N2,埼,Cấp 7
1201,栃,N2,栃,Cấp 7
1202,茨,N2,茨,Cấp 7
1203,梨,N2,梨,Cấp 7
1204,群,N2,群,Cấp 7
1205,鹿,N2,鹿,Cấp 7
1206,奈,N2,奈,Cấp 7
1207,媛,N2,媛,Cấp 7
1208,岐,N2,岐,Cấp 7
1209,阜,N2,阜,Cấp 7
1210,岡,N2,岡,Cấp 7
1211,崎,N2,崎,Cấp 7
1212,丘,N2,丘,Cấp 4
1213,丁,N2,丁,Cấp 8
1214,塚,N2,塚,Tiền cấp 2
1215,撮,N1,撮,Cấp 3
1216,拭,N1,拭,Cấp 2
1217,貼,N1,貼,Cấp 2
1218,磨,N1,磨,Tiền cấp 2
1219,塗,N1,塗,Cấp 3
1220,浸,N1,浸,Cấp 4
1221,扱,N1,扱,Cấp 4
1222,為,N1,為,Cấp 4
1223,聴,N1,聴,Cấp 3
1224,眺,N1,眺,Tiền cấp 2
1225,叱,N1,叱,Cấp 2
1226,黙,N1,黙,Cấp 4
1227,唱,N1,唯,Tiền cấp 2
1228,狙,N1,狙,Cấp 2
1229,蓄,N1,蓄,Cấp 4
1230,操,N1,操,Cấp 5
1231,掲,N1,掲,Cấp 3
1232,伏,N1,伏,Cấp 3
1233,隠,N1,隠,Cấp 4
1234,潜,N1,潜,Cấp 3
1235,駆,N1,駆,Cấp 4
1236,踏,N1,踏,Cấp 4
1237,跳,N1,跳,Cấp 4
1238,躍,N1,躍,Cấp 4
1239,添,N1,添,Cấp 4
1240,伴,N1,伴,Cấp 3
1241,裂,N1,裂,Cấp 3
1242,奪,N1,奪,Cấp 3
1243,妨,N1,妨,Cấp 3
1244,遮,N1,遮,Tiền cấp 2
1245,抑,N1,抑,Cấp 3
1246,揺,N1,揺,Cấp 3
1247,挑,N1,挑,Tiền cấp 2
1248,尽,N1,尽,Cấp 4
1249,耐,N1,耐,Cấp 4
1250,悟,N1,悟,Cấp 3
1251,焦,N1,焦,Cấp 3
1252,慌,N1,慌,Cấp 3
1253,諦,N1,諦,Cấp 2
1254,誓,N1,誓,Tiền cấp 2
1255,履,N1,履,Tiền cấp 2
1256,締,N1,締,Cấp 3
1257,削,N1,削,Cấp 3
1258,砕,N1,砕,Tiền cấp 2
1259,挿,N1,挿,Tiền cấp 2
1260,挟,N1,挟,Tiền cấp 2
1261,縫,N1,縫,Cấp 3
1262,覆,N1,覆,Cấp 3
1263,遂,N1,遂,Cấp 3
1264,偽,N1,偽,Tiền cấp 2
1265,控,N1,控,Cấp 3
1266,輝,N1,輝,Cấp 4
1267,慎,N1,慎,Cấp 4
1268,憩,N1,憩,Cấp 3
1269,惑,N1,惑,Cấp 4
1270,諭,N1,諭,Tiền cấp 2
1271,及,N1,及,Cấp 4
1272,紛,N1,紛,Cấp 3
1273,免,N1,免,Cấp 3
1274,併,N1,併,Tiền cấp 2
1275,劣,N1,劣,Cấp 4
1276,隔,N1,隔,Cấp 3
1277,興,N1,興,Cấp 6
1278,潰,N1,潰,Cấp 2
1279,忍,N1,忍,Tiền cấp 2
1280,狂,N1,狂,Cấp 4
1281,粘,N1,粘,Cấp 3
1282,惜,N1,惜,Cấp 3
1283,嘆,N1,嘆,Cấp 4
1284,驚,N1,驚,Cấp 4
1285,奮,N1,奮,Cấp 5
1286,貪,N1,貪,Cấp 2
1287,尋,N1,尋,Cấp 4
1288,促,N1,促,Cấp 3
1289,譲,N1,譲,Cấp 3
1290,陥,N1,陥,Tiền cấp 2
1291,侮,N1,侮,Tiền cấp 2
1292,辱,N1,辱,Cấp 3
1293,褒,N1,褒,Tiền cấp 2
1294,慰,N1,慰,Cấp 3
1295,嫁,N1,嫁,Cấp 3
1296,婿,N1,婿,Cấp 3
1297,縁,N1,縁,Cấp 4
1298,戚,N1,戚,Cấp 2
1299,系,N1,系,Cấp 5
1300,姻,N1,姻,Tiền cấp 2
1301,伯,N1,伯,Tiền cấp 2
1302,叔,N1,叔,Tiền cấp 2
1303,紳,N1,紳,Tiền cấp 2
1304,淑,N1,淑,Tiền cấp 2
1305,嬢,N1,嬢,Cấp 3
1306,婆,N1,婆,Cấp 3
1307,涯,N1,涯,Tiền cấp 2
1308,侶,N1,侶,Cấp 2
1309,恩,N1,恩,Cấp 5
1310,孝,N1,孝,Cấp 5
1311,称,N1,称,Cấp 4
1312,俺,N1,俺,Cấp 2
1313,郎,N1,郎,Cấp 4
1314,己,N1,己,Cấp 5
1315,扶,N1,扶,Tiền cấp 2
1316,匿,N1,匿,Cấp 3
1317,孤,N1,孤,Cấp 3
1318,寂,N1,寂,Cấp 4
1319,慈,N1,慈,Cấp 3
1320,慕,N1,慕,Cấp 3
1321,懐,N1,懐,Tiền cấp 2
1322,銘,N1,銘,Tiền cấp 2
1323,誇,N1,誇,Cấp 4
1324,悦,N1,悦,Cấp 3
1325,慮,N1,慮,Cấp 4
1326,衰,N1,衰,Cấp 3
1327,憧,N1,憧,Cấp 2
1328,羨,N1,羨,Cấp 2
1329,憤,N1,憤,Tiền cấp 2
1330,慨,N1,慨,Cấp 3
1331,嫉,N1,嫉,Cấp 2
1332,妬,N1,妬,Cấp 2
1333,怪,N1,怪,Cấp 3
1334,恨,N1,恨,Cấp 3
1335,桃,N1,桃,Cấp 4
1336,柿,N1,柿,Cấp 2
1337,芋,N1,芋,Cấp 4
1338,栗,N1,,
1339,旬,N1,旬,Cấp 4
1340,房,N1,房,Cấp 3
1341,絞,N1,絞,Cấp 3
1342,盆,N1,盆,Cấp 4
1343,沸,N1,沸,Tiền cấp 2
1344,謄,N1,謄,Tiền cấp 2
1345,煮,N1,煮,Cấp 4
1346,炊,N1,炊,Cấp 3
1347,揚,N1,揚,Cấp 3
1348,炒,N1,,
1349,蒸,N1,蒸,Cấp 5
1350,漬,N1,漬,Tiền cấp 2
1351,舎,N1,舎,Cấp 6
1352,垣,N1,垣,Tiền cấp 2
1353,邸,N1,邸,Tiền cấp 2
1354,亭,N1,亭,Tiền cấp 2
1355,郊,N1,郊,Cấp 3
1356,棟,N1,棟,Tiền cấp 2
1357,倉,N1,倉,Cấp 7
1358,綱,N1,綱,Cấp 3
1359,箸,N1,箸,Cấp 2
1360,椀,N1,,
1361,鉢,N1,鉢,Tiền cấp 2
1362,串,N1,串,Cấp 2
1363,鍋,N1,鍋,Cấp 2
1364,巾,N1,巾,Cấp 2
1365,縄,N1,縄,Cấp 7
1366,網,N1,網,Cấp 4
1367,扉,N1,扉,Tiền cấp 2
1368,棚,N1,棚,Tiền cấp 2
1369,卓,N1,卓,Cấp 3
1370,炉,N1,炉,Cấp 3
1371,呂,N1,呂,Cấp 2
1372,栓,N1,栓,Tiền cấp 2
1373,鍵,N1,鍵,Cấp 2
1374,枕,N1,枕,Cấp 2
1375,穏,N1,穏,Cấp 3
1376,朗,N1,朗,Cấp 5
1377,稚,N1,稚,Cấp 3
1378,怠,N1,怠,Cấp 3
1379,惰,N1,惰,Tiền cấp 2
1380,寛,N1,寛,Tiền cấp 2
1381,陰,N1,陰,Cấp 4
1382,卑,N1,卑,Cấp 3
1383,暇,N1,暇,Cấp 4
1384,凡,N1,凡,Cấp 4
1385,裕,N1,裕,Tiền cấp 2
1386,乏,N1,乏,Cấp 3
1387,剛,N1,剛,Tiền cấp 2
1388,俊,N1,俊,Tiền cấp 2
1389,敏,N1,敏,Cấp 4
1390,悠,N1,悠,Tiền cấp 2
1391,悔,N1,悔,Cấp 3
1392,哀,N1,哀,Cấp 3
1393,愉,N1,愉,Tiền cấp 2
1394,飽,N1,飽,Cấp 3
1395,煩,N1,煩,Tiền cấp 2
1396,惨,N1,惨,Cấp 4
1397,愁,N1,愁,Tiền cấp 2
1398,憂,N1,憂,Cấp 3
1399,魅,N1,魅,Cấp 3
1400,愚,N1,愚,Cấp 3
1401,凝,N1,凝,Cấp 3
1402,妄,N1,妄,Tiền cấp 2
1403,豪,N1,豪,Cấp 4
1404,敢,N1,敢,Cấp 3
1405,猛,N1,猛,Cấp 4
1406,烈,N1,烈,Cấp 4
1407,矛,N1,矛,Cấp 4
1408,盾,N1,盾,Cấp 4
1409,迅,N1,迅,Tiền cấp 2
1410,奇,N1,奇,Cấp 4
1411,妙,N1,妙,Cấp 4
1412,巧,N1,巧,Cấp 3
1413,瞭,N1,瞭,Cấp 2
1414,衡,N1,衡,Tiền cấp 2
1415,滑,N1,滑,Cấp 3
1416,濁,N1,濁,Cấp 4
1417,澄,N1,澄,Cấp 4
1418,透,N1,透,Cấp 4
1419,潤,N1,潤,Cấp 3
1420,熟,N1,熟,Cấp 5
1421,腐,N1,腐,Cấp 4
1422,臭,N1,臭,Tiền cấp 2
1423,丈,N1,丈,Cấp 4
1424,粗,N1,粗,Cấp 3
1425,緩,N1,緩,Cấp 3
1426,匂,N1,匂,Cấp 2
1427,芳,N1,芳,Cấp 3
1428,膨,N1,膨,Cấp 3
1429,唯,N1,唐,Cấp 4
1430,殊,N1,殊,Cấp 3
1431,雰,N1,雰,Tiền cấp 2
1432,壮,N1,壮,Tiền cấp 2
1433,閑,N1,閑,Tiền cấp 2
1434,剰,N1,剰,Tiền cấp 2
1435,疎,N1,疎,Tiền cấp 2
1436,滅,N1,滅,Cấp 3
1437,粋,N1,粋,Cấp 3
1438,沿,N1,沿,Cấp 5
1439,斉,N1,斉,Tiền cấp 2
1440,至,N1,至,Cấp 5
1441,逐,N1,逐,Tiền cấp 2
1442,寧,N1,寧,Tiền cấp 2
1443,且,N1,且,Tiền cấp 2
1444,但,N1,但,Tiền cấp 2
1445,宜,N1,宜,Tiền cấp 2
1446,錯,N1,錯,Cấp 3
1447,瞬,N1,瞬,Cấp 4
1448,頃,N1,頃,Cấp 2
1449,頻,N1,頻,Tiền cấp 2
1450,徐,N1,徐,Cấp 3
1451,微,N1,微,Cấp 4
1452,恒,N1,恒,Cấp 4
1453,既,N1,既,Cấp 3
1454,又,N1,又,Cấp 3
1455,芽,N1,芽,Cấp 7
1456,苗,N1,苗,Cấp 3
1457,茎,N1,茎,Tiền cấp 2
1458,幹,N1,幹,Cấp 6
1459,樹,N1,樹,Cấp 5
1460,伐,N1,伐,Cấp 3
1461,柳,N1,柳,Tiền cấp 2
1462,垂,N1,垂,Cấp 5
1463,芝,N1,芝,Cấp 4
1464,茂,N1,茂,Cấp 4
1465,凹,N1,凹,Tiền cấp 2
1466,凸,N1,凸,Tiền cấp 2
1467,氾,N1,氾,Cấp 2
1468,濫,N1,濫,Cấp 3
1469,堤,N1,堤,Cấp 4
1470,溝,N1,溝,Tiền cấp 2
1471,潮,N1,潮,Cấp 5
1472,浪,N1,浪,Cấp 3
1473,没,N1,没,Cấp 3
1474,漂,N1,漂,Cấp 3
1475,浦,N1,浦,Tiền cấp 2
1476,湧,N1,湧,Cấp 2
1477,径,N1,径,Cấp 7
1478,峠,N1,峠,Cấp 4
1479,霧,N1,霧,Cấp 4
1480,霜,N1,霜,Tiền cấp 2
1481,露,N1,露,Cấp 4
1482,曇,N1,曇,Cấp 4
1483,虹,N1,虹,Cấp 2
1484,圏,N1,圏,Cấp 4
1485,緯,N1,緯,Cấp 4
1486,磁,N1,磁,Cấp 5
1487,窒,N1,窒,Cấp 3
1488,素,N1,素,Cấp 6
1489,亜,N1,亜,Tiền cấp 2
1490,鉛,N1,鉛,Cấp 4
1491,酸,N1,酸,Cấp 6
1492,硫,N1,硫,Tiền cấp 2
1493,塊,N1,塊,Cấp 3
1494,晶,N1,晶,Cấp 3
1495,昆,N1,昆,Tiền cấp 2
1496,蛍,N1,蛍,Tiền cấp 2
1497,蚊,N1,蚊,Tiền cấp 2
1498,蝶,N1,,
1499,蜂,N1,蜂,Cấp 2
1500,蜜,N1,蜜,Cấp 2
1501,亀,N1,亀,Cấp 2
1502,蛇,N1,蛇,Tiền cấp 2
1503,雀,N1,,
1504,鳩,N1,,
1505,鴨,N1,,
1506,烏,N1,,
1507,鶴,N1,鶴,Cấp 2
1508,鶏,N1,鶏,Cấp 3
1509,翼,N1,翼,Cấp 4
1510,餌,N1,餌,Cấp 2
1511,猿,N1,猿,Tiền cấp 2
1512,狼,N1,,
1513,猪,N1,,
1514,熊,N1,熊,Cấp 7
1515,虎,N1,虎,Cấp 2
1516,鯨,N1,鯨,Cấp 3
1517,雄,N1,雄,Cấp 4
1518,雌,N1,雌,Cấp 4
1519,獣,N1,獣,Cấp 4
1520,尾,N1,尾,Cấp 4
1521,牙,N1,牙,Cấp 2
1522,爪,N1,爪,Cấp 2
1523,胴,N1,胴,Cấp 4
1524,肢,N1,肢,Tiền cấp 2
1525,膚,N1,膚,Cấp 4
1526,胞,N1,胞,Cấp 3
1527,肺,N1,肺,Cấp 5
1528,腸,N1,腸,Cấp 5
1529,肝,N1,肝,Cấp 3
1530,腎,N1,腎,Cấp 2
1531,胆,N1,胆,Cấp 3
1532,膜,N1,膜,Cấp 3
1533,脊,N1,脊,Cấp 2
1534,椎,N1,椎,Cấp 2
1535,巡,N1,巡,Cấp 4
1536,継,N1,継,Cấp 4
1537,貢,N1,貢,Tiền cấp 2
1538,献,N1,献,Tiền cấp 2
1539,提,N1,提,Cấp 6
1540,宣,N1,宣,Cấp 5
1541,派,N1,派,Cấp 5
1542,遣,N1,遣,Cấp 4
1543,渉,N1,渉,Tiền cấp 2
1544,把,N1,把,Tiền cấp 2
1545,摘,N1,摘,Cấp 4
1546,択,N1,択,Cấp 3
1547,卸,N1,卸,Cấp 3
1548,佐,N1,佐,Cấp 7
1549,障,N1,障,Cấp 5
1550,託,N1,託,Cấp 3
1551,赴,N1,赴,Cấp 3
1552,捗,N1,捗,Cấp 2
1553,閲,N1,閲,Cấp 3
1554,措,N1,措,Cấp 3
1555,排,N1,排,Cấp 3
1556,披,N1,披,Tiền cấp 2
1557,還,N1,還,Tiền cấp 2
1558,顧,N1,顧,Cấp 3
1559,請,N1,請,Cấp 3
1560,勘,N1,勘,Cấp 3
1561,俸,N1,俸,Tiền cấp 2
1562,酬,N1,酬,Tiền cấp 2
1563,該,N1,該,Cấp 3
1564,諾,N1,諾,Cấp 3
1565,甲,N1,甲,Cấp 3
1566,乙,N1,乙,Cấp 3
1567,歓,N1,歓,Cấp 4
1568,奔,N1,奔,Tiền cấp 2
1569,遇,N1,遇,Cấp 3
1570,妥,N1,妥,Tiền cấp 2
1571,軸,N1,軸,Cấp 3
1572,軌,N1,軌,Cấp 3
1573,繁,N1,繁,Cấp 4
1574,概,N1,概,Cấp 3
1575,刈,N1,刈,Cấp 4
1576,稲,N1,稲,Cấp 4
1577,穂,N1,穂,Cấp 3
1578,耕,N1,耕,Cấp 6
1579,穫,N1,穫,Cấp 3
1580,穀,N1,穀,Cấp 5
1581,栽,N1,栽,Tiền cấp 2
1582,培,N1,培,Tiền cấp 2
1583,肥,N1,肥,Cấp 6
1584,殖,N1,殖,Cấp 4
1585,獲,N1,獲,Cấp 4
1586,猟,N1,猟,Cấp 3
1587,狩,N1,狩,Cấp 4
1588,酪,N1,酪,Tiền cấp 2
1589,壌,N1,壌,Tiền cấp 2
1590,墾,N1,墾,Cấp 3
1591,俵,N1,俵,Cấp 5
1592,糧,N1,糧,Cấp 3
1593,殻,N1,殻,Tiền cấp 2
1594,繭,N1,繭,Tiền cấp 2
1595,蚕,N1,蚕,Cấp 5
1596,桑,N1,桑,Cấp 3
1597,朱,N1,朱,Cấp 4
1598,淡,N1,淡,Cấp 4
1599,繊,N1,繊,Tiền cấp 2
1600,維,N1,維,Cấp 4
1601,麻,N1,麻,Tiền cấp 2
1602,絹,N1,絹,Cấp 5
1603,紡,N1,紡,Tiền cấp 2
1604,繕,N1,繕,Cấp 3
1605,織,N1,織,Cấp 6
1606,染,N1,染,Cấp 5
1607,汽,N1,汽,Cấp 9
1608,舶,N1,舶,Tiền cấp 2
1609,搬,N1,搬,Cấp 4
1610,拓,N1,拓,Cấp 4
1611,搭,N1,搭,Tiền cấp 2
1612,祉,N1,祉,Cấp 3
1613,属,N1,属,Cấp 6
1614,鋼,N1,鋼,Cấp 5
1615,析,N1,析,Tiền cấp 2
1616,釈,N1,釈,Cấp 4
1617,訂,N1,訂,Cấp 3
1618,索,N1,索,Tiền cấp 2
1619,践,N1,践,Tiền cấp 2
1620,繰,N1,繰,Cấp 4
1621,載,N1,載,Cấp 4
1622,翻,N1,翻,Cấp 3
1623,志,N1,志,Cấp 6
1624,功,N1,功,Cấp 7
1625,克,N1,克,Cấp 3
1626,班,N1,班,Cấp 5
1627,哲,N1,哲,Cấp 3
1628,啓,N1,啓,Cấp 3
1629,倫,N1,倫,Tiền cấp 2
1630,偏,N1,偏,Tiền cấp 2
1631,拠,N1,拠,Cấp 4
1632,擬,N1,擬,Tiền cấp 2
1633,揮,N1,揮,Cấp 5
1634,誠,N1,誠,Cấp 5
1635,監,N1,監,Cấp 4
1636,督,N1,督,Tiền cấp 2
1637,懸,N1,懸,Tiền cấp 2
1638,礎,N1,礎,Cấp 3
1639,佳,N1,佳,Cấp 3
1640,秀,N1,秀,Cấp 4
1641,模,N1,模,Cấp 5
1642,範,N1,範,Cấp 4
1643,推,N1,推,Cấp 5
1644,薦,N1,薦,Tiền cấp 2
1645,奨,N1,奨,Tiền cấp 2
1646,彰,N1,彰,Tiền cấp 2
1647,項,N1,項,Cấp 4
1648,欄,N1,欄,Cấp 4
1649,稿,N1,稿,Cấp 4
1650,諸,N1,諸,Cấp 5
1651,箇,N1,箇,Cấp 4
1652,桁,N1,桁,Cấp 2
1653,括,N1,括,Tiền cấp 2
1654,弧,N1,弧,Cấp 3
1655,宮,N1,宮,Cấp 8
1656,廷,N1,廷,Tiền cấp 2
1657,皇,N1,皇,Cấp 5
1658,帝,N1,帝,Cấp 3
1659,后,N1,后,Cấp 5
1660,陛,N1,陛,Cấp 5
1661,妃,N1,妃,Tiền cấp 2
1662,姫,N1,姫,Cấp 3
1663,冒,N1,冒,Cấp 4
1664,旗,N1,旗,Cấp 7
1665,弓,N1,弓,Cấp 9
1666,矢,N1,矢,Cấp 9
1667,剣,N1,剣,Cấp 4
1668,鎖,N1,鎖,Cấp 4
1669,侍,N1,侍,Cấp 3
1670,騎,N1,騎,Cấp 3
1671,仙,N1,仙,Tiền cấp 2
1672,仁,N1,仁,Cấp 5
1673,僧,N1,僧,Cấp 4
1674,尼,N1,尼,Tiền cấp 2
1675,尚,N1,尚,Tiền cấp 2
1676,禅,N1,禅,Tiền cấp 2
1677,鐘,N1,鐘,Cấp 3
1678,典,N1,典,Cấp 7
1679,聖,N1,聖,Cấp 5
1680,魔,N1,魔,Cấp 3
1681,吉,N1,吉,Cấp 3
1682,凶,N1,凶,Cấp 4
1683,厄,N1,厄,Tiền cấp 2
1684,冥,N1,冥,Cấp 2
1685,闇,N1,闇,Cấp 2
1686,謎,N1,謎,Cấp 2
1687,幻,N1,幻,Cấp 3
1688,架,N1,架,Cấp 3
1689,幽,N1,幽,Cấp 3
1690,霊,N1,霊,Cấp 3
1691,獄,N1,獄,Cấp 3
1692,妖,N1,妖,Cấp 2
1693,鬼,N1,鬼,Cấp 4
1694,竜,N1,竜,Tiền cấp 2
1695,龍,N1,,
1696,庶,N1,庶,Tiền cấp 2
1697,趣,N1,趣,Cấp 4
1698,娯,N1,娯,Cấp 3
1699,創,N1,創,Cấp 5
1700,鑑,N1,鑑,Cấp 4
1701,幕,N1,幕,Cấp 5
1702,藩,N1,藩,Cấp 3
1703,暦,N1,暦,Cấp 4
1704,描,N1,描,Cấp 4
1705,肖,N1,肖,Tiền cấp 2
1706,墨,N1,墨,Cấp 3
1707,抽,N1,抽,Cấp 3
1708,漫,N1,漫,Cấp 4
1709,釣,N1,釣,Tiền cấp 2
1710,陶,N1,陶,Cấp 3
1711,彫,N1,彫,Cấp 3
1712,琴,N1,琴,Tiền cấp 2
1713,弦,N1,弦,Tiền cấp 2
1714,鼓,N1,鼓,Cấp 4
1715,笛,N1,笛,Cấp 8
1716,雅,N1,雅,Cấp 4
1717,奏,N1,奏,Cấp 5
1718,譜,N1,譜,Tiền cấp 2
1719,唱,N1,唱,Cấp 7
1720,紀,N1,紀,Cấp 6
1721,郷,N1,郷,Cấp 5
1722,崇,N1,崇,Tiền cấp 2
1723,祥,N1,祥,Tiền cấp 2
1724,碑,N1,碑,Cấp 3
1725,墳,N1,墳,Cấp 3
1726,塔,N1,塔,Cấp 4
1727,堀,N1,堀,Tiền cấp 2
1728,睦,N1,睦,Cấp 2
1729,如,N1,如,Cấp 3
1730,弥,N1,弥,Cấp 2
1731,俗,N1,俗,Cấp 4
1732,抹,N1,抹,Tiền cấp 2
1733,麺,N1,麺,Cấp 2
1734,煎,N1,煎,Cấp 2
1735,餅,N1,餅,Cấp 2
1736,秘,N1,秘,Cấp 5
1737,密,N1,密,Cấp 5
1738,摩,N1,摩,Tiền cấp 2
1739,擦,N1,擦,Cấp 3
1740,抵,N1,抵,Cấp 4
1741,抗,N1,抗,Cấp 4
1742,施,N1,施,Cấp 3
1743,衝,N1,衝,Cấp 3
1744,弁,N1,弁,Cấp 6
1745,訴,N1,訴,Cấp 4
1746,訟,N1,訟,Tiền cấp 2
1747,審,N1,審,Cấp 3
1748,償,N1,償,Tiền cấp 2
1749,執,N1,執,Cấp 4
1750,是,N1,是,Cấp 4
1751,憲,N1,憲,Cấp 5
1752,廃,N1,廃,Tiền cấp 2
1753,棄,N1,棄,Cấp 3
1754,却,N1,却,Cấp 4
1755,陳,N1,陳,Cấp 3
1756,貫,N1,貫,Cấp 3
1757,賠,N1,賠,Tiền cấp 2
1758,徴,N1,徴,Cấp 4
1759,斥,N1,斥,Cấp 3
1760,犠,N1,犠,Cấp 3
1761,牲,N1,牲,Cấp 3
1762,襲,N1,襲,Cấp 4
1763,逮,N1,逮,Cấp 3
1764,闘,N1,闘,Cấp 4
1765,詐,N1,詐,Tiền cấp 2
1766,欺,N1,欺,Cấp 3
1767,阻,N1,阻,Cấp 3
1768,邦,N1,邦,Cấp 3
1769,准,N1,准,Tiền cấp 2
1770,轄,N1,轄,Tiền cấp 2
1771,拘,N1,拘,Cấp 3
1772,迭,N1,迭,Tiền cấp 2
1773,諮,N1,諮,Cấp 3
1774,遷,N1,遷,Tiền cấp 2
1775,罷,N1,罷,Tiền cấp 2
1776,慶,N1,慶,Tiền cấp 2
1777,弔,N1,弔,Tiền cấp 2
1778,冠,N1,冠,Cấp 3
1779,儀,N1,儀,Cấp 4
1780,挨,N1,挨,Cấp 2
1781,拶,N1,拶,Cấp 2
1782,葬,N1,葬,Cấp 3
1783,喪,N1,喪,Tiền cấp 2
1784,詣,N1,詣,Cấp 2
1785,旦,N1,旦,Cấp 2
1786,謹,N1,謹,Tiền cấp 2
1787,賀,N1,賀,Cấp 7
1788,恭,N1,恭,Tiền cấp 2
1789,奉,N1,奉,Cấp 3
1790,寿,N1,寿,Cấp 3
1791,威,N1,威,Cấp 4
1792,謙,N1,謙,Tiền cấp 2
1793,遜,N1,遜,Cấp 2
1794,汰,N1,汰,Cấp 2
1795,貞,N1,貞,Tiền cấp 2
1796,忠,N1,忠,Cấp 5
1797,仰,N1,仰,Cấp 4
1798,貴,N1,貴,Cấp 5
1799,徳,N1,徳,Cấp 7
1800,呈,N1,呈,Tiền cấp 2
1801,畏,N1,畏,Cấp 2
1802,勲,N1,勲,Tiền cấp 2
1803,賜,N1,賜,Tiền cấp 2
1804,誉,N1,誉,Cấp 4
1805,傑,N1,傑,Tiền cấp 2
1806,逝,N1,逝,Tiền cấp 2
1807,訃,N1,訃,Cấp 2
1808,遺,N1,遺,Cấp 5
1809,故,N1,故,Cấp 6
1810,忌,N1,忌,Cấp 3
1811,棺,N1,棺,Tiền cấp 2
1812,墓,N1,墓,Cấp 6
1813,魂,N1,魂,Cấp 3
1814,累,N1,累,Tiền cấp 2
1815,幣,N1,幣,Tiền cấp 2
1816,倹,N1,倹,Cấp 3
1817,廉,N1,廉,Cấp 3
1818,租,N1,租,Tiền cấp 2
1819,賦,N1,賦,Cấp 4
1820,幾,N1,幾,Cấp 4
1821,抄,N1,抄,Tiền cấp 2
1822,騰,N1,騰,Tiền cấp 2
1823,款,N1,款,Tiền cấp 2
1824,遵,N1,遵,Cấp 3
1825,零,N1,零,Cấp 3
1826,壱,N1,壱,Cấp 4
1827,弐,N1,弐,Cấp 4
1828,采,N1,采,Cấp 2
1829,唆,N1,唄,Cấp 2
1830,粛,N1,粛,Tiền cấp 2
1831,臨,N1,臨,Cấp 5
1832,撒,N1,撤,Tiền cấp 2
1833,喚,N1,喚,Cấp 3
1834,嘱,N1,嘱,Cấp 3
1835,逸,N1,逸,Tiền cấp 2
1836,憾,N1,憾,Tiền cấp 2
1837,旋,N1,旋,Tiền cấp 2
1838,媒,N1,媒,Tiền cấp 2
1839,懇,N1,懇,Tiền cấp 2
1840,弊,N1,弊,Tiền cấp 2
1841,綻,N1,綻,Cấp 2
1842,漏,N1,漏,Cấp 3
1843,枢,N1,枢,Tiền cấp 2
1844,閥,N1,閥,Tiền cấp 2
1845,宰,N1,宰,Tiền cấp 2
1846,吏,N1,吏,Cấp 3
1847,頒,N1,頒,Tiền cấp 2
1848,暫,N1,暫,Cấp 3
1849,漸,N1,漸,Tiền cấp 2
1850,椅,N1,椅,Cấp 2
1851,鞄,N1,,
1852,籠,N1,籠,Cấp 2
1853,箋,N1,箋,Cấp 2
1854,銭,N1,銭,Cấp 5
1855,斗,N1,斗,Cấp 3
1856,升,N1,升,Tiền cấp 2
1857,斤,N1,斤,Cấp 3
1858,醸,N1,醸,Tiền cấp 2
1859,酵,N1,酵,Cấp 3
1860,薫,N1,薫,Tiền cấp 2
1861,釜,N1,釜,Cấp 2
1862,蓋,N1,蓋,Cấp 2
1863,酎,N1,酎,Cấp 2
1864,膳,N1,膳,Cấp 2
1865,衷,N1,衷,Tiền cấp 2
1866,錠,N1,錠,Cấp 3
1867,頓,N1,頓,Cấp 2
1868,槽,N1,槽,Tiền cấp 2
1869,窯,N1,窯,Tiền cấp 2
1870,薪,N1,薪,Cấp 4
1871,斧,N1,,
1872,斎,N1,斎,Tiền cấp 2
1873,鎌,N1,鎌,Cấp 2
1874,桟,N1,桟,Tiền cấp 2
1875,壇,N1,壇,Cấp 3
1876,塀,N1,塀,Tiền cấp 2
1877,坪,N1,坪,Tiền cấp 2
1878,陵,N1,陵,Cấp 3
1879,郭,N1,郭,Cấp 3
1880,楼,N1,楼,Cấp 3
1881,朽,N1,朽,Cấp 4
1882,舗,N1,舗,Cấp 4
1883,隙,N1,隙,Cấp 2
1884,柵,N1,柵,Cấp 2
1885,瓦,N1,瓦,Cấp 2
1886,硝,N1,硝,Tiền cấp 2
1887,寸,N1,寸,Cấp 5
1888,尺,N1,尺,Cấp 5
1889,謡,N1,謡,Cấp 4
1890,吟,N1,吟,Tiền cấp 2
1891,詠,N1,詠,Cấp 3
1892,叙,N1,叙,Tiền cấp 2
1893,随,N1,随,Cấp 3
1894,韻,N1,韻,Tiền cấp 2
1895,諧,N1,諧,Cấp 2
1896,儒,N1,儒,Tiền cấp 2
1897,碁,N1,碁,Tiền cấp 2
1898,棋,N1,棋,Cấp 3
1899,駒,N1,駒,Cấp 2
1900,楷,N1,楷,Cấp 2
1901,玩,N1,玩,Cấp 2
1902,紐,N1,,
1903,縛,N1,縛,Cấp 3
1904,戯,N1,戯,Cấp 4
1905,袖,N1,袖,Cấp 2
1906,裾,N1,裾,Cấp 2
1907,襟,N1,襟,Tiền cấp 2
1908,芯,N1,芯,Cấp 2
1909,駄,N1,駄,Tiền cấp 2
1910,珠,N1,珠,Tiền cấp 2
1911,扇,N1,扇,Cấp 4
1912,呉,N1,呉,Tiền cấp 2
1913,藤,N1,藤,Cấp 2
1914,藍,N1,藍,Cấp 2
1915,褐,N1,褐,Tiền cấp 2
1916,錦,N1,錦,Cấp 2
1917,唐,N1,唇,Tiền cấp 2
1918,紋,N1,紋,Cấp 4
1919,漆,N1,漆,Tiền cấp 2
1920,鈴,N1,鈴,Tiền cấp 2
1921,匠,N1,匠,Cấp 3
1922,旨,N1,旨,Cấp 4
1923,伎,N1,伎,Cấp 2
1924,稽,N1,稽,Cấp 2
1925,丹,N1,丹,Cấp 4
1926,暁,N1,暁,Tiền cấp 2
1927,宵,N1,宵,Tiền cấp 2
1928,刹,N1,刹,Cấp 2
1929,窃,N1,窃,Tiền cấp 2
1930,拐,N1,拐,Tiền cấp 2
1931,賄,N1,賄,Tiền cấp 2
1932,賂,N1,賂,Cấp 2
1933,拉,N1,拉,Cấp 2
1934,虐,N1,虐,Cấp 3
1935,喝,N1,喝,Tiền cấp 2
1936,賭,N1,賭,Cấp 2
1937,痴,N1,痴,Tiền cấp 2
1938,賊,N1,賊,Cấp 3
1939,謀,N1,謀,Cấp 3
1940,踪,N1,踪,Cấp 2
1941,殉,N1,殉,Tiền cấp 2
1942,拷,N1,拷,Tiền cấp 2
1943,陣,N1,陣,Cấp 4
1944,偵,N1,偵,Tiền cấp 2
1945,懲,N1,懲,Tiền cấp 2
1946,戒,N1,戒,Cấp 4
1947,猶,N1,猶,Tiền cấp 2
1948,陪,N1,陪,Cấp 3
1949,糾,N1,糾,Tiền cấp 2
1950,劾,N1,劾,Tiền cấp 2
1951,勃,N1,勃,Cấp 2
1952,搾,N1,搾,Cấp 3
1953,邪,N1,邪,Cấp 3
1954,虚,N1,虚,Cấp 3
1955,酷,N1,酷,Tiền cấp 2
1956,禍,N1,禍,Tiền cấp 2
1957,堕,N1,堕,Tiền cấp 2
1958,嚇,N1,嚇,Tiền cấp 2
1959,征,N1,征,Cấp 4
1960,覇,N1,覇,Tiền cấp 2
1961,奴,N1,奴,Cấp 4
1962,隷,N1,隷,Cấp 4
1963,囚,N1,囚,Tiền cấp 2
1964,屯,N1,屯,Tiền cấp 2
1965,虜,N1,虜,Tiền cấp 2
1966,墜,N1,墜,Cấp 3
1967,飢,N1,飢,Tiền cấp 2
1968,餓,N1,餓,Cấp 3
1969,嗅,N1,嗅,Cấp 2
1970,剥,N1,剥,Cấp 2
1971,据,N1,据,Tiền cấp 2
1972,斬,N1,斬,Cấp 2
1973,蹴,N1,蹴,Cấp 2
1974,擁,N1,擁,Cấp 3
1975,鍛,N1,鍛,Cấp 3
1976,錬,N1,錬,Cấp 3
1977,捉,N1,捉,Cấp 2
1978,倣,N1,倣,Cấp 3
1979,乞,N1,乞,Cấp 2
1980,詮,N1,詮,Cấp 2
1981,傍,N1,傍,Cấp 4
1982,堪,N1,堪,Tiền cấp 2
1983,遡,N1,遡,Cấp 2
1984,悼,N1,悼,Tiền cấp 2
1985,鎮,N1,鎮,Cấp 3
1986,窮,N1,窮,Tiền cấp 2
1987,萎,N1,萎,Cấp 2
1988,溺,N1,溺,Cấp 2
1989,遭,N1,遭,Cấp 3
1990,惧,N1,惧,Cấp 2
1991,享,N1,享,Tiền cấp 2
1992,葛,N1,葛,Cấp 2
1993,遍,N1,遍,Tiền cấp 2
1994,庸,N1,庸,Tiền cấp 2
1995,曖,N1,曖,Cấp 2
1996,昧,N1,昧,Cấp 2
1997,苛,N1,苛,Cấp 2
1998,緻,N1,緻,Cấp 2
1999,拙,N1,拙,Tiền cấp 2
2000,恣,N1,恣,Cấp 2
2001,顕,N1,顕,Tiền cấp 2
2002,泰,N1,泰,Tiền cấp 2
2003,璧,N1,璧,Cấp 2
2004,凄,N1,凄,Cấp 2
2005,甚,N1,甚,Tiền cấp 2
2006,僅,N1,僅,Cấp 2
2007,旺,N1,旺,Cấp 2
2008,寡,N1,寡,Tiền cấp 2
2009,漠,N1,漠,Tiền cấp 2
2010,盤,N1,盤,Cấp 4
2011,隆,N1,隆,Cấp 3
2012,堆,N1,堆,Cấp 2
2013,潟,N1,潟,Cấp 7
2014,渓,N1,渓,Tiền cấp 2
2015,勾,N1,勾,Cấp 2
2016,岳,N1,岳,Cấp 3
2017,峰,N1,峰,Cấp 4
2018,崖,N1,崖,Cấp 2
2019,坑,N1,坑,Cấp 3
2020,塁,N1,塁,Tiền cấp 2
2021,窟,N1,窟,Cấp 2
2022,麓,N1,麓,Cấp 2
2023,帆,N1,帆,Cấp 3
2024,隻,N1,隻,Cấp 3
2025,艦,N1,艦,Tiền cấp 2
2026,艇,N1,艇,Tiền cấp 2
2027,羅,N1,羅,Tiền cấp 2
2028,舷,N1,舷,Cấp 2
2029,渦,N1,渦,Tiền cấp 2
2030,峡,N1,峡,Cấp 3
2031,礁,N1,礁,Tiền cấp 2
2032,藻,N1,藻,Tiền cấp 2
2033,岬,N1,岬,Tiền cấp 2
2034,畔,N1,畔,Cấp 3
2035,郡,N1,郡,Cấp 7
2036,畿,N1,畿,Cấp 2
2037,滋,N1,滋,Cấp 7
2038,那,N1,那,Cấp 2
2039,須,N1,須,Cấp 2
2040,曽,N1,曽,Cấp 2
2041,瞳,N1,瞳,Cấp 2
2042,眉,N1,眉,Cấp 2
2043,頬,N1,頬,Cấp 2
2044,唇,N1,唆,Tiền cấp 2
2045,膝,N1,膝,Cấp 2
2046,肘,N1,肘,Cấp 2
2047,脇,N1,脇,Cấp 2
2048,尻,N1,尻,Cấp 2
2049,艶,N1,艶,Cấp 2
2050,麗,N1,麗,Cấp 4
2051,醜,N1,醜,Tiền cấp 2
2052,爽,N1,爽,Cấp 2
2053,淫,N1,淫,Cấp 2
2054,蛮,N1,蛮,Cấp 3
2055,傲,N1,傲,Cấp 2
2056,朴,N1,朴,Tiền cấp 2
2057,臆,N1,臆,Cấp 2
2058,摯,N1,摯,Cấp 2
2059,癖,N1,癖,Cấp 3
2060,嘲,N1,嘲,Cấp 2
2061,怨,N1,怨,Cấp 2
2062,呪,N1,呪,Cấp 2
2063,蔑,N1,蔑,Cấp 2
2064,罵,N1,罵,Cấp 2
2065,喉,N1,喉,Cấp 2
2066,咽,N1,咽,Cấp 2
2067,拳,N1,拳,Cấp 2
2068,掌,N1,掌,Cấp 3
2069,股,N1,股,Cấp 2
2070,孔,N1,孔,Cấp 3
2071,貌,N1,貌,Cấp 2
2072,顎,N1,顎,Cấp 2
2073,疾,N1,疾,Cấp 3
2074,疫,N1,疫,Tiền cấp 2
2075,梗,N1,梗,Cấp 2
2076,塞,N1,塞,Cấp 2
2077,痘,N1,痘,Cấp 3
2078,篤,N1,篤,Cấp 3
2079,慢,N1,慢,Cấp 4
2080,醒,N1,醒,Cấp 2
2081,撲,N1,撲,Tiền cấp 2
2082,臼,N1,臼,Cấp 2
2083,捻,N1,捻,Cấp 2
2084,挫,N1,挫,Cấp 2
2085,痢,N1,痢,Tiền cấp 2
2086,腺,N1,腺,Cấp 2
2087,腫,N1,腫,Cấp 2
2088,瘍,N1,瘍,Cấp 2
2089,摂,N1,摂,Cấp 3
2090,唾,N1,唾,Cấp 2
2091,尿,N1,尿,Cấp 3
2092,痕,N1,痕,Cấp 2
2093,循,N1,循,Tiền cấp 2
2094,矯,N1,矯,Tiền cấp 2
2095,髄,N1,髄,Cấp 3
2096,癒,N1,癒,Tiền cấp 2
2097,痩,N1,痩,Cấp 2
2098,耗,N1,耗,Tiền cấp 2
2099,泌,N1,泌,Cấp 3
2100,胎,N1,胎,Cấp 3
2101,裸,N1,裸,Cấp 3
2102,骸,N1,骸,Cấp 2
2103,剖,N1,剖,Tiền cấp 2
2104,盲,N1,盲,Tiền cấp 2
2105,弄,N1,弄,Cấp 2
2106,憬,N1,憬,Cấp 2
2107,羞,N1,羞,Cấp 2
2108,虞,N1,虞,Tiền cấp 2
2109,鬱,N1,鬱,Cấp 2
2110,喩,N1,喩,Cấp 2
2111,彙,N1,彙,Cấp 2
2112,某,N1,某,Cấp 3
2113,沙,N1,沙,Cấp 2
2114,赦,N1,赦,Cấp 3
2115,辣,N1,辣,Cấp 2
2116,慄,N1,慄,Cấp 2
2117,毀,N1,毀,Cấp 2
2118,蔽,N1,蔽,Cấp 2
2119,錮,N1,錮,Cấp 2
2120,汎,N1,汎,Cấp 2
2121,韓,N1,韓,Cấp 2
2122,哺,N1,哺,Cấp 2
2123,填,N1,填,Cấp 2
2124,附,N1,附,Tiền cấp 2
2125,逓,N1,逓,Tiền cấp 2
2126,厘,N1,厘,Cấp 3
2127,丙,N1,丙,Tiền cấp 2
2128,斑,N1,斑,Cấp 2
2129,瑠,N1,瑠,Cấp 2
2130,璃,N1,璃,Cấp 2
2131,塑,N1,塑,Tiền cấp 2
2132,沃,N1,沃,Cấp 2
2133,畝,N1,畝,Tiền cấp 2
2134,鋳,N1,鋳,Cấp 3
2135,冶,N1,冶,Cấp 2
2136,勅,N1,勅,Tiền cấp 2
2137,詔,N1,詔,Tiền cấp 2
2138,賓,N1,賓,Tiền cấp 2
2139,謁,N1,謁,Tiền cấp 2
2140,戴,N1,戴,Cấp 2
2141,朕,N1,朕,Tiền cấp 2
2142,嗣,N1,嗣,Tiền cấp 2
2143,璽,N1,璽,Tiền cấp 2
2144,翁,N1,翁,Tiền cấp 2
2145,帥,N1,帥,Tiền cấp 2
2146,曹,N1,曹,Tiền cấp 2
2147,尉,N1,尉,Tiền cấp 2
2148,爵,N1,爵,Tiền cấp 2
2149,侯,N1,侯,Tiền cấp 2
2150,嫡,N1,嫡,Tiền cấp 2